Character,IDF_TTR
Ross,0.0022134586472083817
Chandler,0.002141041081225746
Phoebe,0.001826182098692548
Joey,0.0018120134444785541
Rachel,0.001549106194063334
Monica,0.001530214655111342
